{
	"background_color":	[0.00999999977648258, 0.00999999977648258, 0.10000000149011612],
	"ambient_light":	[0.18000000715255737, 0.15999999642372131, 0.20000000298023224],
	"camera_position":	[-300, 90, -150],
	"camera_target":	[0, 40, 0],
	"camera_fov":	60,
	"skybox":	"night.hdre",
	"entities":	[{
			"name":	"floor",
			"layers":	3,
			"position":	[0, 0, 0],
			"scale":	[10, 10, 10],
			"rotation":	[0, 0, 0, 1],
			"filename":	"prefabs/road/road.gltf",
			"type":	"PREFAB"
		}, {
			"name":	"floor2",
			"layers":	3,
			"position":	[0, 0, 300],
			"scale":	[10, 10, 10],
			"rotation":	[0, 0, 0, 1],
			"filename":	"prefabs/road/road.gltf",
			"type":	"PREFAB"
		}, {
			"name":	"floor3",
			"layers":	3,
			"position":	[0, 0, -300],
			"scale":	[10, 10, 10],
			"rotation":	[0, 0, 0, 1],
			"filename":	"prefabs/road/road.gltf",
			"type":	"PREFAB"
		}, {
			"name":	"car1",
			"layers":	3,
			"position":	[-80, -2.4000000953674316, -100],
			"scale":	[1, 1, 1],
			"rotation":	[0, 0.38268345594406128, 0, 0.92387950420379639],
			"filename":	"prefabs/gmc/scene.gltf",
			"type":	"PREFAB"
		}, {
			"name":	"car2",
			"layers":	3,
			"position":	[-50, -2.4000000953674316, 233],
			"scale":	[1.0000001192092896, 1, 1.0000001192092896],
			"rotation":	[-7.38125095267606e-07, 0.98480778932571411, -7.38124981580768e-07, 0.17364826798439026],
			"filename":	"prefabs/gmc/scene.gltf",
			"type":	"PREFAB"
		}, {
			"name":	"house",
			"layers":	3,
			"position":	[300, 8, 200],
			"scale":	[0.40000000596046448, 0.40000000596046448, 0.40000000596046448],
			"rotation":	[0, 0, 0, 1],
			"filename":	"prefabs/house_test/scene.gltf",
			"type":	"PREFAB"
		}, {
			"name":	"sign",
			"layers":	3,
			"position":	[118, 48, -400],
			"scale":	[59.999980926513672, 59.999996185302734, 59.999980926513672],
			"rotation":	[-8.78539424320479e-07, 0.94825726747512817, -8.78539481163898e-07, 0.31750300526618958],
			"filename":	"prefabs/sign.glb",
			"type":	"PREFAB"
		}, {
			"name":	"house",
			"layers":	3,
			"position":	[300, 20, -200],
			"scale":	[0.40000000596046448, 0.40000000596046448, 0.40000000596046448],
			"rotation":	[0, 0, 0, 1],
			"filename":	"prefabs/house_test/scene.gltf",
			"type":	"PREFAB"
		}, {
			"name":	"trash",
			"layers":	3,
			"position":	[140, 10, 110],
			"scale":	[0.5, 0.5, 0.5],
			"rotation":	[0, 0, 0, 1],
			"filename":	"prefabs/trash_can/scene.gltf",
			"type":	"PREFAB"
		}, {
			"name":	"tree",
			"layers":	3,
			"position":	[47.999969482421875, 9, 374.00009155273438],
			"scale":	[111.23704528808594, 111.23711395263672, 111.23704528808594],
			"rotation":	[-2.07305977939498e-11, 0.99971264600753784, -2.07305596300333e-11, 0.0239750761538744],
			"filename":	"prefabs/tree.glb",
			"type":	"PREFAB"
		}, {
			"name":	"spot",
			"layers":	3,
			"position":	[-5.6561112403869629, 23.99964714050293, -21.656816482543945],
			"scale":	[1.000001072883606, 1, 1.000001072883606],
			"rotation":	[-1.1889231927853e-06, 0.923879086971283, -1.18892523914838e-06, -0.38268435001373291],
			"color":	[1, 0.89999997615814209, 0.800000011920929],
			"intensity":	1.2289999723434448,
			"max_dist":	1000,
			"cast_shadows":	true,
			"near_dist":	0.10000000149011612,
			"cone_start":	25,
			"cone_end":	39.049999237060547,
			"light_type":	"SPOT",
			"type":	"LIGHT"
		}, {
			"name":	"pointlight",
			"layers":	3,
			"position":	[-187, 38, -156],
			"scale":	[1, 1, 1],
			"rotation":	[0, 0, 0, 1],
			"color":	[1, 0.20000000298023224, 0.10000000149011612],
			"intensity":	2.5,
			"max_dist":	70,
			"cast_shadows":	false,
			"near_dist":	0.10000000149011612,
			"light_type":	"POINT",
			"type":	"LIGHT"
		}, {
			"name":	"pointlight2",
			"layers":	3,
			"position":	[-131, 38, -205],
			"scale":	[1, 1, 1],
			"rotation":	[0, 0, 0, 1],
			"color":	[1, 0.20000000298023224, 0.10000000149011612],
			"intensity":	2.5,
			"max_dist":	70,
			"cast_shadows":	false,
			"near_dist":	0.10000000149011612,
			"light_type":	"POINT",
			"type":	"LIGHT"
		}, {
			"name":	"moonlight",
			"layers":	3,
			"position":	[150, 300, 50],
			"scale":	[0.99999994039535522, 0.999997079372406, 0.99999982118606567],
			"rotation":	[-0.35411792993545532, 0.49672067165374756, 0.2321757376194, 0.75760394334793091],
			"color":	[0.10000000149011612, 0.20000000298023224, 0.40000000596046448],
			"intensity":	3.184999942779541,
			"max_dist":	1000,
			"cast_shadows":	true,
			"near_dist":	-500,
			"area":	1000,
			"light_type":	"DIRECTIONAL",
			"type":	"LIGHT"
		}, {
			"name":	"pointlight3",
			"layers":	3,
			"position":	[-186, 16, -319],
			"scale":	[1, 1, 1],
			"rotation":	[0, 0, 0, 1],
			"color":	[1, 1, 1],
			"intensity":	1,
			"max_dist":	100,
			"cast_shadows":	false,
			"near_dist":	0.10000000149011612,
			"light_type":	"POINT",
			"type":	"LIGHT"
		}, {
			"name":	"pointlight4",
			"layers":	3,
			"position":	[136, 159, -220],
			"scale":	[1, 1, 1],
			"rotation":	[0, 0, 0, 1],
			"color":	[1, 1, 1],
			"intensity":	1,
			"max_dist":	100,
			"cast_shadows":	false,
			"near_dist":	0.10000000149011612,
			"light_type":	"POINT",
			"type":	"LIGHT"
		}, {
			"name":	"pointlight5",
			"layers":	3,
			"position":	[-174, 50, 102],
			"scale":	[1, 1, 1],
			"rotation":	[0, 0, 0, 1],
			"color":	[1, 1, 1],
			"intensity":	1,
			"max_dist":	100,
			"cast_shadows":	false,
			"near_dist":	0.10000000149011612,
			"light_type":	"POINT",
			"type":	"LIGHT"
		}, {
			"name":	"pointlight6",
			"layers":	3,
			"position":	[-131, 37, 327],
			"scale":	[1, 1, 1],
			"rotation":	[0, 0, 0, 1],
			"color":	[1, 0, 0],
			"intensity":	2.619999885559082,
			"max_dist":	71,
			"cast_shadows":	false,
			"near_dist":	0.10000000149011612,
			"light_type":	"POINT",
			"type":	"LIGHT"
		}, {
			"name":	"pointlight7",
			"layers":	3,
			"position":	[-62, 42, 356],
			"scale":	[1, 1, 1],
			"rotation":	[0, 0, 0, 1],
			"color":	[1, 0, 0],
			"intensity":	2.5639998912811279,
			"max_dist":	70,
			"cast_shadows":	false,
			"near_dist":	0.10000000149011612,
			"light_type":	"POINT",
			"type":	"LIGHT"
		}, {
			"name":	"pointlight8",
			"layers":	3,
			"position":	[197, 198, 180],
			"scale":	[1, 1, 1],
			"rotation":	[0, 0, 0, 1],
			"color":	[1, 1, 1],
			"intensity":	1,
			"max_dist":	100,
			"cast_shadows":	false,
			"near_dist":	0.10000000149011612,
			"light_type":	"POINT",
			"type":	"LIGHT"
		}, {
			"name":	"pointlight9",
			"layers":	3,
			"position":	[153, 131, 11],
			"scale":	[1, 1, 1],
			"rotation":	[0, 0, 0, 1],
			"color":	[1, 1, 1],
			"intensity":	1,
			"max_dist":	100,
			"cast_shadows":	false,
			"near_dist":	0.10000000149011612,
			"light_type":	"POINT",
			"type":	"LIGHT"
		}, {
			"name":	"pointlight10",
			"layers":	3,
			"position":	[91, 212, -272],
			"scale":	[1, 1, 1],
			"rotation":	[0, 0, 0, 1],
			"color":	[1, 1, 1],
			"intensity":	1,
			"max_dist":	100,
			"cast_shadows":	false,
			"near_dist":	0.10000000149011612,
			"light_type":	"POINT",
			"type":	"LIGHT"
		}, {
			"name":	"pointlight11",
			"layers":	3,
			"position":	[286, 71, 54],
			"scale":	[1, 1, 1],
			"rotation":	[0, 0, 0, 1],
			"color":	[1, 1, 1],
			"intensity":	1,
			"max_dist":	100,
			"cast_shadows":	false,
			"near_dist":	0.10000000149011612,
			"light_type":	"POINT",
			"type":	"LIGHT"
		}, {
			"name":	"pointlight12",
			"layers":	3,
			"position":	[-199, 23, 49],
			"scale":	[1, 1, 1],
			"rotation":	[0, 0, 0, 1],
			"color":	[1, 1, 1],
			"intensity":	1,
			"max_dist":	100,
			"cast_shadows":	false,
			"near_dist":	0.10000000149011612,
			"light_type":	"POINT",
			"type":	"LIGHT"
		}, {
			"name":	"pointlight13",
			"layers":	3,
			"position":	[-197, 21, 108],
			"scale":	[1, 1, 1],
			"rotation":	[0, 0, 0, 1],
			"color":	[1, 1, 1],
			"intensity":	1,
			"max_dist":	100,
			"cast_shadows":	false,
			"near_dist":	0.10000000149011612,
			"light_type":	"POINT",
			"type":	"LIGHT"
		}, {
			"name":	"pointlight14",
			"layers":	3,
			"position":	[0, 198, 145],
			"scale":	[1, 1, 1],
			"rotation":	[0, 0, 0, 1],
			"color":	[1, 1, 1],
			"intensity":	1,
			"max_dist":	100,
			"cast_shadows":	false,
			"near_dist":	0.10000000149011612,
			"light_type":	"POINT",
			"type":	"LIGHT"
		}, {
			"name":	"pointlight15",
			"layers":	3,
			"position":	[137, 0, -370],
			"scale":	[1, 1, 1],
			"rotation":	[0, 0, 0, 1],
			"color":	[1, 1, 1],
			"intensity":	1,
			"max_dist":	100,
			"cast_shadows":	false,
			"near_dist":	0.10000000149011612,
			"light_type":	"POINT",
			"type":	"LIGHT"
		}, {
			"name":	"pointlight16",
			"layers":	3,
			"position":	[-49, 30, -387],
			"scale":	[1, 1, 1],
			"rotation":	[0, 0, 0, 1],
			"color":	[1, 1, 1],
			"intensity":	1,
			"max_dist":	100,
			"cast_shadows":	false,
			"near_dist":	0.10000000149011612,
			"light_type":	"POINT",
			"type":	"LIGHT"
		}, {
			"name":	"pointlight17",
			"layers":	3,
			"position":	[207, 212, -36],
			"scale":	[1, 1, 1],
			"rotation":	[0, 0, 0, 1],
			"color":	[1, 1, 1],
			"intensity":	1,
			"max_dist":	100,
			"cast_shadows":	false,
			"near_dist":	0.10000000149011612,
			"light_type":	"POINT",
			"type":	"LIGHT"
		}, {
			"name":	"pointlight18",
			"layers":	3,
			"position":	[494, 133, 69],
			"scale":	[1, 1, 1],
			"rotation":	[0, 0, 0, 1],
			"color":	[1, 1, 1],
			"intensity":	1,
			"max_dist":	100,
			"cast_shadows":	false,
			"near_dist":	0.10000000149011612,
			"light_type":	"POINT",
			"type":	"LIGHT"
		}, {
			"name":	"pointlight19",
			"layers":	3,
			"position":	[507, 95, -109],
			"scale":	[1, 1, 1],
			"rotation":	[0, 0, 0, 1],
			"color":	[1, 1, 1],
			"intensity":	1,
			"max_dist":	100,
			"cast_shadows":	false,
			"near_dist":	0.10000000149011612,
			"light_type":	"POINT",
			"type":	"LIGHT"
		}, {
			"name":	"pointlight20",
			"layers":	3,
			"position":	[343, 309, 79],
			"scale":	[1, 1, 1],
			"rotation":	[0, 0, 0, 1],
			"color":	[1, 1, 1],
			"intensity":	1,
			"max_dist":	100,
			"cast_shadows":	false,
			"near_dist":	0.10000000149011612,
			"light_type":	"POINT",
			"type":	"LIGHT"
		}]
}